global_step,eval_loss,train_loss
500,1.6611919005711873,1.7727237939834595
1000,1.4070087983494712,1.1097924709320068
1500,1.3566635421344213,0.7237597703933716
2000,1.3914091416767664,0.47467997670173645
2500,1.470480429747748,0.42305517196655273
